feature,importance
idle_mean,0.17141455
dst_port,0.1172478
fwd_packets,0.09645721
bwd_len_mean,0.09442489
psh_count,0.07643846
bwd_len,0.05315205
rst_count,0.045809224
duration,0.04402572
bwd_packets,0.041772526
active_mean,0.040850643
syn_count,0.03702119
flow_bytes_s,0.033823587
fwd_psh_flags,0.030668791
fwd_len,0.02682683
bwd_iat_mean,0.021049604
flow_iat_mean,0.018042807
fwd_len_mean,0.016184475
flow_packets_s,0.015058747
fwd_iat_mean,0.013037405
ack_count,0.006693575
