{
  "dataset": "cicids2017",
  "random_forest": {
    "accuracy": 0.9536666666666667,
    "f1": 0.9387395328338475,
    "auc_roc": 0.9936217592592593,
    "precision": 0.9507420526672588,
    "recall": 0.9507420526672588,
    "confusion_matrix": [
      [
        1796,
        4
      ],
      [
        135,
        1065
      ]
    ]
  },
  "xgboost": {
    "accuracy": 0.9726666666666667,
    "f1": 0.965195246179966,
    "auc_roc": 0.9978333333333333,
    "precision": 0.9713462509714319,
    "recall": 0.9713462509714319,
    "confusion_matrix": [
      [
        1781,
        19
      ],
      [
        63,
        1137
      ]
    ]
  },
  "best_model": "xgboost",
  "best_f1": 0.965195246179966
}