{
  "random_forest": {
    "accuracy": 0.979,
    "f1": 0.9780564263322884,
    "auc_roc": 0.9970211986107941,
    "confusion_matrix": [
      [
        1022,
        16
      ],
      [
        26,
        936
      ]
    ]
  },
  "xgboost": {
    "accuracy": 0.9845,
    "f1": 0.9838961038961039,
    "auc_roc": 0.9985914660770152,
    "confusion_matrix": [
      [
        1022,
        16
      ],
      [
        15,
        947
      ]
    ]
  },
  "best_model": "xgboost",
  "best_f1": 0.9838961038961039
}